COMPANY,EMAIL,PHONE,WEBSITE,CITY,STATE,SEGMENT,BREVO_LIST,BREVO_TEMPLATE,SOCIALS
"Austin Montessori School, AMIMontessori in Austin TX",info@austinmontessori.org,(512) 323-2313,https://austinmontessori.org/,Austin,TX,Preschool Chains & Early Learning Centers,List 7: Preschool Chains,B2B Template 1 / 3,https://www.instagram.com/austinmontessori
casamontessori,admin@casa-montessori.org,(830) 188-6792,https://www.casa-montessori.org/,Austin,TX,Preschool Chains & Early Learning Centers,List 7: Preschool Chains,B2B Template 1 / 3,
Mundo VerdeMontessori–Montessori preschool in Austin,mundoverdemontessori@gmail.com,(819) 787-1000,https://www.mundoverdemontessori.com/,Austin,TX,Preschool Chains & Early Learning Centers,List 7: Preschool Chains,B2B Template 1 / 3,https://www.facebook.com/MundoVerdeMontessori | https://www.instagram.com/mundoverdemontessori
"MontessoriOaks |MontessoriSchoolin Austin,TX",,(512) 761-3955,https://www.montessorioaks.com/,Austin,TX,Preschool Chains & Early Learning Centers,List 7: Preschool Chains,B2B Template 1 / 3,https://instagram.com/montessorioaks | https://facebook.com/profile.php?id=100090151539822
"Austin,TX Preschools| Little Sunshine's",,,https://littlesunshine.com/,Austin,TX,Preschool Chains & Early Learning Centers,List 7: Preschool Chains,B2B Template 1 / 3,
Home |PrivateSchool,info@wilderoots.org,(789) 800-5763,https://www.wilderoots.org/,Austin,TX,Preschool Chains & Early Learning Centers,List 7: Preschool Chains,B2B Template 1 / 3,
Montessori Austin|Preschool& Infant Daycare,,(497) 754-7965,https://www.townandcountrychildrensmontessori.com/,Austin,TX,Preschool Chains & Early Learning Centers,List 7: Preschool Chains,B2B Template 1 / 3,https://www.facebook.com/people/Town-Country-Childrens-Montessori/61583412183241/ | https://www.instagram.com/tncmontessoriaustin/ | http://instagram.com/squarespace
BestPreschool in Austin: Ultimate Guide,hello@austinstaysweird.com,(512) 785-8365,https://austinstaysweird.com/,Austin,TX,Preschool Chains & Early Learning Centers,List 7: Preschool Chains,B2B Template 1 / 3,
Montessori Preschool& Pre-Kin Austin| Primary Program,,(497) 754-7965,https://www.twinoaksmontessori.com/,Austin,TX,Preschool Chains & Early Learning Centers,List 7: Preschool Chains,B2B Template 1 / 3,
"Austin Private Preschool, Elementary, & Middle School",jane@gmail.com,(668) 022-7038,https://www.paragonprep.com/,Austin,TX,Preschool Chains & Early Learning Centers,List 7: Preschool Chains,B2B Template 1 / 3,https://www.facebook.com/paragonprepschool/
