EMAIL,NAME,CONTACT_NAME,HANDLE,PLATFORM,PILLAR,SUBCATEGORY,TIER,REGION,COUNTRY,FRAMEWORK,SCORE,BIO_HOOK,DELTA_ALIGNMENT,PROFILE_URL,LEAD_ID
office@froebel.org.uk,Froebel Trust (UK & International),Head of Research & Education Grants,@froebeltrust,Twitter/X,Pillar IV: Holistic Family Lifestyle & Nature,Foundational Early Play & Nature Institute,Tier 2 (Community Connector),Europe,United Kingdom,Montessori / Waldorf,97,"Championing Friedrich Froebel's timeless early childhood philosophy: purposeful play, unity with nature, rhythm, and handcrafts.",Screen vs. Sensory; Algorithm vs. Handcrafted; Consumption vs. Quest,https://www.froebel.org.uk,lead-europe-034
ginny@1000hoursoutside.com,Ginny Yurich (1000 Hours Outside),Ginny Yurich,@1000hoursoutside,Instagram,Pillar IV: Holistic Family Lifestyle,Nature Play & Anti-Screen Movement,Tier 1 (Macro / Institutional),North America,United States,,72,Global movement reclaiming outdoor childhood; matching screen time with green time for healthy brains.,Screen vs. Sensory; Algorithm vs. Handcrafted; Institution vs. Sanctuary; Consumption vs. Quest,https://www.instagram.com/1000hoursoutside,lead-019
susie@busytoddler.com,Susie Allison (Busy Toddler),"Susie Allison, M.Ed",@busytoddler,Instagram,Pillar IV: Holistic Family Lifestyle,Play-Based Learning & Playing Preschool,Tier 1 (Macro / Institutional),North America,United States,,74,Former kindergarten teacher & creator of Playing Preschool; bringing sanity back to parenting with simple play.,Screen vs. Sensory; Testing vs. Arts; Algorithm vs. Handcrafted,https://www.instagram.com/busytoddler,lead-020
contact@gentleparentingcollective.com,Gentle Parenting Collective,Editorial Curators,@gentleparenting.collective,Instagram,Pillar IV: Holistic Family Lifestyle,Conscious Discipline & Gentle Mama,Tier 2 (Community Connector),North America,United States,,66,Community of conscious parents and therapists rewriting generational patterns through connection over coercion.,Institution vs. Sanctuary; Screen vs. Sensory,https://www.instagram.com/gentleparenting.collective,lead-021
tara@littlepinelearners.com,Tara Rondinelli (Little Pine Learners),Tara Rondinelli,@littlepinelearners,Instagram,Pillar IV: Holistic Family Lifestyle,Nature Crafts & Seasonal Rhythms,Tier 2 (Community Connector),North America,United States,,90,"Nature-infused early learning, seasonal sensory crafts, and intentional slow living for homeschoolers.",Algorithm vs. Handcrafted; Screen vs. Sensory; Consumption vs. Quest,https://www.instagram.com/littlepinelearners,lead-022
community@bewildandfree.org,Wild & Free Homeschool Co-op Network,Community Directors,@wildandfree.groups,Instagram,Pillar IV: Holistic Family Lifestyle,Nature-Centered Homeschool Community,Tier 1 (Macro / Institutional),North America,United States,,81,"A global community of mothers pursuing nature, literature, and adventure-rich wonder in family education.",Screen vs. Sensory; Algorithm vs. Handcrafted; Institution vs. Sanctuary; Consumption vs. Quest,https://www.instagram.com/wildandfree.groups,lead-034
hayley@thegentlemama.com,The Gentle Mama,Hayley,@thegentle_mama,Instagram,Pillar IV: Holistic Family Lifestyle,"Calm, Connected Early Childhood",Tier 3 (Grassroots Innovator),North America,United States,,57,"Sharing calm, connected, respectful parenting moments and quiet home rhythms.",Institution vs. Sanctuary; Screen vs. Sensory,https://www.instagram.com/thegentle_mama,lead-035
test.customer.1788361255299@parentmail.org,Jessica Alvarez,Jessica,@test.customer.1788361255299,Website Inbound,Pillar IV: Holistic Family Lifestyle,Inbound Parent,Tier 2 (Community Connector),North America,United States,,67,Submitted opt-in on 2026-09-02 15:00:56.186859+00. Org: Private.,Screen vs. Sensory; Consumption vs. Quest,mailto:test.customer.1788361255299@parentmail.org,inbound-0328310e-9f2e-41e8-a284-90e94c8eb55c
kristen.munoz@linkedin.contact,Kristen Munoz,Kristen,in/kristen-munoz,LinkedIn,Pillar IV: Holistic Family Lifestyle,Preschool Leadership & Administration,Tier 1 (Macro / Institutional),North America,United States,,70,Preschool Director at Early Childhood Institution.,Screen vs. Sensory; Institution vs. Sanctuary; Consumption vs. Quest,https://www.linkedin.com/in/kristen-munoz,li-kristen-munoz
déborah.bellec.933468155@linkedin.contact,Déborah Bellec,Déborah,in/déborah-bellec-933468155,LinkedIn,Pillar IV: Holistic Family Lifestyle,Preschool Leadership & Administration,Tier 1 (Macro / Institutional),North America,United States,,70,Preschool Director at Early Childhood Institution.,Screen vs. Sensory; Institution vs. Sanctuary; Consumption vs. Quest,https://www.linkedin.com/in/déborah-bellec-933468155,li-déborah-bellec-933468155
erin.holmquist.1a52b864@linkedin.contact,Erin Holmquist,Erin,in/erin-holmquist-1a52b864,LinkedIn,Pillar IV: Holistic Family Lifestyle,Preschool Leadership & Administration,Tier 1 (Macro / Institutional),North America,United States,,70,Preschool Director at Gloria Dei Lutheran.,Screen vs. Sensory; Institution vs. Sanctuary; Consumption vs. Quest,https://www.linkedin.com/in/erin-holmquist-1a52b864,li-erin-holmquist-1a52b864
childrenspsychological@linkedin.contact,Gilbert W. Kliman MD,Gilbert,in/childrenspsychological,LinkedIn,Pillar IV: Holistic Family Lifestyle,Preschool Leadership & Administration,Tier 1 (Macro / Institutional),North America,United States,,70,Consultant and Expert Psychiatric at Early Childhood Institution.,Screen vs. Sensory; Institution vs. Sanctuary; Consumption vs. Quest,https://www.linkedin.com/in/childrenspsychological,li-childrenspsychological
stephanie.gill.a0919b152@linkedin.contact,Stephanie Gill,Stephanie,in/stephanie-gill-a0919b152,LinkedIn,Pillar IV: Holistic Family Lifestyle,Preschool Leadership & Administration,Tier 1 (Macro / Institutional),North America,United States,,70,Preschool Director at Early Childhood Institution.,Screen vs. Sensory; Institution vs. Sanctuary; Consumption vs. Quest,https://www.linkedin.com/in/stephanie-gill-a0919b152,li-stephanie-gill-a0919b152
deborah.paselk.724461a1@linkedin.contact,Deborah Paselk,Deborah,in/deborah-paselk-724461a1,LinkedIn,Pillar IV: Holistic Family Lifestyle,Preschool Leadership & Administration,Tier 1 (Macro / Institutional),North America,United States,,70,Preschool Director at Cornerstone.,Screen vs. Sensory; Institution vs. Sanctuary; Consumption vs. Quest,https://www.linkedin.com/in/deborah-paselk-724461a1,li-deborah-paselk-724461a1
shannon.blankenship.5a0a203a@linkedin.contact,Shannon Blankenship,Shannon,in/shannon-blankenship-5a0a203a,LinkedIn,Pillar IV: Holistic Family Lifestyle,Preschool Leadership & Administration,Tier 1 (Macro / Institutional),North America,United States,,70,School Director at Cadence Academy.,Screen vs. Sensory; Institution vs. Sanctuary; Consumption vs. Quest,https://www.linkedin.com/in/shannon-blankenship-5a0a203a,li-shannon-blankenship-5a0a
christina.rodriguez.a1478322@linkedin.contact,Christina Rodriguez,Christina,in/christina-rodriguez-a1478322,LinkedIn,Pillar IV: Holistic Family Lifestyle,Preschool Leadership & Administration,Tier 1 (Macro / Institutional),North America,United States,,67,FPC Preschool Director · Experience: First Presbyterian Church & Preschool · Education: Liberty University · Location: West Palm Beach · 48 connections on LinkedIn. View Ashley Joy Lugo’s ...,Screen vs. Sensory; Institution vs. Sanctuary; Consumption vs. Quest,https://www.linkedin.com/in/christina-rodriguez-a1478322,li-christina-rodriguez-a147
lorie.rudolph.073aa348@linkedin.contact,Lorie Rudolph,Lorie,in/lorie-rudolph-073aa348,LinkedIn,Pillar IV: Holistic Family Lifestyle,Preschool Leadership & Administration,Tier 1 (Macro / Institutional),North America,United States,,70,Preschool Director at First Presbyterian.,Screen vs. Sensory; Institution vs. Sanctuary; Consumption vs. Quest,https://www.linkedin.com/in/lorie-rudolph-073aa348,li-lorie-rudolph-073aa348
liz.chieffalo.7799031b8@linkedin.contact,liz chieffalo,liz,in/liz-chieffalo-7799031b8,LinkedIn,Pillar IV: Holistic Family Lifestyle,Preschool Leadership & Administration,Tier 1 (Macro / Institutional),North America,United States,,70,Preschool Director at HAPPY TIME NURSERY.,Screen vs. Sensory; Institution vs. Sanctuary; Consumption vs. Quest,https://www.linkedin.com/in/liz-chieffalo-7799031b8,li-liz-chieffalo-7799031b8
chloe.gottlieb.806146149@linkedin.contact,Chloe Gottlieb,Chloe,in/chloe-gottlieb-806146149,LinkedIn,Pillar IV: Holistic Family Lifestyle,Preschool Leadership & Administration,Tier 1 (Macro / Institutional),North America,United States,,67,Preschool Director at Preschool of the Arts.,Screen vs. Sensory; Institution vs. Sanctuary; Consumption vs. Quest,https://www.linkedin.com/in/chloe-gottlieb-806146149,li-chloe-gottlieb-806146149
tonya.rivera.b6639b2b@linkedin.contact,Tonya Rivera,Tonya,in/tonya-rivera-b6639b2b,LinkedIn,Pillar IV: Holistic Family Lifestyle,Preschool Leadership & Administration,Tier 1 (Macro / Institutional),North America,United States,,70,Executive Director at Campus Pre-School and.,Screen vs. Sensory; Institution vs. Sanctuary; Consumption vs. Quest,https://www.linkedin.com/in/tonya-rivera-b6639b2b,li-tonya-rivera-b6639b2b
alice.seher.31252658@linkedin.contact,Alice Seher,Alice,in/alice-seher-31252658,LinkedIn,Pillar IV: Holistic Family Lifestyle,Preschool Leadership & Administration,Tier 1 (Macro / Institutional),North America,United States,,70,Preschool Director at Holy Name Preschool.,Screen vs. Sensory; Institution vs. Sanctuary; Consumption vs. Quest,https://www.linkedin.com/in/alice-seher-31252658,li-alice-seher-31252658
arlene.ambriz.73306324@linkedin.contact,Arlene Ambriz,Arlene,in/arlene-ambriz-73306324,LinkedIn,Pillar IV: Holistic Family Lifestyle,Preschool Leadership & Administration,Tier 1 (Macro / Institutional),North America,United States,,70,Preschool Director at New Horizons Academy.,Screen vs. Sensory; Institution vs. Sanctuary; Consumption vs. Quest,https://www.linkedin.com/in/arlene-ambriz-73306324,li-arlene-ambriz-73306324
ashlea.may.45a1aa98@linkedin.contact,Ashlea May,Ashlea,in/ashlea-may-45a1aa98,LinkedIn,Pillar IV: Holistic Family Lifestyle,Preschool Leadership & Administration,Tier 1 (Macro / Institutional),North America,United States,,70,Director at Apple Tree Preschool.,Screen vs. Sensory; Institution vs. Sanctuary; Consumption vs. Quest,https://www.linkedin.com/in/ashlea-may-45a1aa98,li-ashlea-may-45a1aa98
sarah.davis.83963222a@linkedin.contact,Sarah Davis,Sarah,in/sarah-davis-83963222a,LinkedIn,Pillar IV: Holistic Family Lifestyle,Preschool Leadership & Administration,Tier 1 (Macro / Institutional),North America,United States,,70,Childcare Center Director at KinderCare.,Screen vs. Sensory; Institution vs. Sanctuary; Consumption vs. Quest,https://www.linkedin.com/in/sarah-davis-83963222a,li-sarah-davis-83963222a
swalker92@linkedin.contact,Sarah Miles,Sarah,in/swalker92,LinkedIn,Pillar IV: Holistic Family Lifestyle,Preschool Leadership & Administration,Tier 1 (Macro / Institutional),North America,United States,,70,Childcare Director - Learning Care at Early Childhood Institution.,Screen vs. Sensory; Institution vs. Sanctuary; Consumption vs. Quest,https://www.linkedin.com/in/swalker92,li-swalker92
carol.livingston.kuusisto.94251a1a@linkedin.contact,Carol Livingston-Kuusisto,Carol,in/carol-livingston-kuusisto-94251a1a,LinkedIn,Pillar IV: Holistic Family Lifestyle,Preschool Leadership & Administration,Tier 1 (Macro / Institutional),North America,United States,,70,KidKare Child Care Center at Early Childhood Institution.,Screen vs. Sensory; Institution vs. Sanctuary; Consumption vs. Quest,https://www.linkedin.com/in/carol-livingston-kuusisto-94251a1a,li-carol-livingston-kuusist
shilpa.jain.55129b327@linkedin.contact,Shilpa Jain,Shilpa,in/shilpa-jain-55129b327,LinkedIn,Pillar IV: Holistic Family Lifestyle,Preschool Leadership & Administration,Tier 1 (Macro / Institutional),North America,United States,,70,Child Care Center Director | Experienced in at Early Childhood Institution.,Screen vs. Sensory; Institution vs. Sanctuary; Consumption vs. Quest,https://www.linkedin.com/in/shilpa-jain-55129b327,li-shilpa-jain-55129b327
sarah.watson.752b3122@linkedin.contact,Sarah Watson,Sarah,in/sarah-watson-752b3122,LinkedIn,Pillar IV: Holistic Family Lifestyle,Preschool Leadership & Administration,Tier 1 (Macro / Institutional),North America,United States,,70,Center Director Bright Horizons at Early Childhood Institution.,Screen vs. Sensory; Institution vs. Sanctuary; Consumption vs. Quest,https://www.linkedin.com/in/sarah-watson-752b3122,li-sarah-watson-752b3122
tathathany.hanesana.06a150a1@linkedin.contact,Tathathany Hanesana,Tathathany,in/tathathany-hanesana-06a150a1,LinkedIn,Pillar IV: Holistic Family Lifestyle,Preschool Leadership & Administration,Tier 1 (Macro / Institutional),North America,United States,,70,Childcare Center Director who creates at Early Childhood Institution.,Screen vs. Sensory; Institution vs. Sanctuary; Consumption vs. Quest,https://www.linkedin.com/in/tathathany-hanesana-06a150a1,li-tathathany-hanesana-06a1
annieka.longacre.7502b4133@linkedin.contact,Annieka Longacre,Annieka,in/annieka-longacre-7502b4133,LinkedIn,Pillar IV: Holistic Family Lifestyle,Preschool Leadership & Administration,Tier 1 (Macro / Institutional),North America,United States,,70,Lead Preschool Teacher at Early Childhood Institution.,Screen vs. Sensory; Institution vs. Sanctuary; Consumption vs. Quest,https://www.linkedin.com/in/annieka-longacre-7502b4133,li-annieka-longacre-7502b41
nikki.chrupcala.b12888130@linkedin.contact,Nikki Chrupcala,Nikki,in/nikki-chrupcala-b12888130,LinkedIn,Pillar IV: Holistic Family Lifestyle,Preschool Leadership & Administration,Tier 1 (Macro / Institutional),North America,United States,,67,"Executive Director at Child Care Resource Center · Experience: Child Care Resource Center - Lorain, Ohio · Location: Lorain · 500+ connections on LinkedIn. View Jennifer Dodge’s profile on ...",Screen vs. Sensory; Institution vs. Sanctuary; Consumption vs. Quest,https://www.linkedin.com/in/nikki-chrupcala-b12888130,li-nikki-chrupcala-b1288813
amy.peltz.991b7361@linkedin.contact,Amy Peltz,Amy,in/amy-peltz-991b7361,LinkedIn,Pillar IV: Holistic Family Lifestyle,Preschool Leadership & Administration,Tier 1 (Macro / Institutional),North America,United States,,67,Director at University Childcare Center · Experience: University Childcare Center · Education: Piedmont College · Location: Nicholson · 231 connections on LinkedIn. View Ashley Hopkins Stough ...,Screen vs. Sensory; Institution vs. Sanctuary; Consumption vs. Quest,https://www.linkedin.com/in/amy-peltz-991b7361,li-amy-peltz-991b7361
sarah.balkind.adler.1769241a@linkedin.contact,Sarah Balkind Adler,Sarah,in/sarah-balkind-adler-1769241a,LinkedIn,Pillar IV: Holistic Family Lifestyle,Preschool Leadership & Administration,Tier 1 (Macro / Institutional),North America,United States,,70,"Dec 15, 2022 · Experience Head of Early Childhood Care & Education - Global Program Vitol Foundation Feb 2026 - Present 8 months London Area, United Kingdom",Screen vs. Sensory; Institution vs. Sanctuary; Consumption vs. Quest,https://www.linkedin.com/in/sarah-balkind-adler-1769241a,li-sarah-balkind-adler-1769
karlene.d.aa9b49240@linkedin.contact,Karlene D.,Karlene,in/karlene-d-aa9b49240,LinkedIn,Pillar IV: Holistic Family Lifestyle,Preschool Leadership & Administration,Tier 1 (Macro / Institutional),North America,United States,,67,"Department Head, Education at Wake Technical Community College · I have been in the early childhood field for over 20 years in various jobs. I have been an instructor at JCC for the last ten ...",Screen vs. Sensory; Institution vs. Sanctuary; Consumption vs. Quest,https://www.linkedin.com/in/karlene-d-aa9b49240,li-karlene-d-aa9b49240
godfrey.ejuu.3902788a@linkedin.contact,Godfrey Ejuu,Godfrey,in/godfrey-ejuu-3902788a,LinkedIn,Pillar IV: Holistic Family Lifestyle,Preschool Leadership & Administration,Tier 1 (Macro / Institutional),North America,United States,,74,Head of Early Childhood and Director of Math Enrichment · 2023 marks the start of my 36th year in education and I have been privileged to work with an amazing collection of innovative and ...,Screen vs. Sensory; Institution vs. Sanctuary; Consumption vs. Quest,https://www.linkedin.com/in/godfrey-ejuu-3902788a,li-godfrey-ejuu-3902788a
daelynn.fife.960936129@linkedin.contact,Daelynn Fife,Daelynn,in/daelynn-fife-960936129,LinkedIn,Pillar IV: Holistic Family Lifestyle,Preschool Leadership & Administration,Tier 1 (Macro / Institutional),North America,United States,,67,"Owner at Clever Cubs Early Learning Centre · Actively seeking new childcare lease opportunities! 🌟 After splitting from the corporate world, I've been busy establishing and building Clever...",Screen vs. Sensory; Institution vs. Sanctuary; Consumption vs. Quest,https://www.linkedin.com/in/daelynn-fife-960936129,li-daelynn-fife-960936129
alice.allan.023a8325@linkedin.contact,Alice Allan,Alice,in/alice-allan-023a8325,LinkedIn,Pillar IV: Holistic Family Lifestyle,Preschool Leadership & Administration,Tier 1 (Macro / Institutional),North America,United States,,70,"Owner at Mother’s Love Child Care &amp; Learning Center · For over 20 years, Mother’s Love Child Care & Learning Center has been committed to providing exceptional child care and learning ...",Screen vs. Sensory; Institution vs. Sanctuary; Consumption vs. Quest,https://www.linkedin.com/in/alice-allan-023a8325,li-alice-allan-023a8325
stephanie.edic.b399b250@linkedin.contact,Stephanie Edic,Stephanie,in/stephanie-edic-b399b250,LinkedIn,Pillar IV: Holistic Family Lifestyle,Preschool Leadership & Administration,Tier 1 (Macro / Institutional),North America,United States,,70,Very driven hospitality professional. By always bringing a hard working and positive… · Experience: Owings Mills Child Care and Early Learning Center · Education: ALMAMER Szkoła Wyższa ...,Screen vs. Sensory; Institution vs. Sanctuary; Consumption vs. Quest,https://www.linkedin.com/in/stephanie-edic-b399b250,li-stephanie-edic-b399b250
evelyn.dorosh.a0b87196@linkedin.contact,Evelyn Dorosh,Evelyn,in/evelyn-dorosh-a0b87196,LinkedIn,Pillar IV: Holistic Family Lifestyle,Preschool Leadership & Administration,Tier 1 (Macro / Institutional),North America,United States,,67,"Dr. S. K. Rathor Founder, Chairman & Managing Director | TEDx Speaker | Expanding SANFORT Preschool Network | Early Childhood Education Noida, Uttar Pradesh, India 7K followers 500+ connections...",Screen vs. Sensory; Institution vs. Sanctuary; Consumption vs. Quest,https://www.linkedin.com/in/evelyn-dorosh-a0b87196,li-evelyn-dorosh-a0b87196
dr.sheetal.jethy.02947015@linkedin.contact,Dr. Sheetal jethy,Dr.,in/dr-sheetal-jethy-02947015,LinkedIn,Pillar IV: Holistic Family Lifestyle,Preschool Leadership & Administration,Tier 1 (Macro / Institutional),North America,United States,,70,"I serve as the CEO & Co-Founder of Junior Toes International Preschool, India’s first entrepreneurial preschool, reimagining early childhood education by nurturing confidence, creativity, and an entrepreneurial mindset from the formative ye",Screen vs. Sensory; Institution vs. Sanctuary; Consumption vs. Quest,https://www.linkedin.com/in/dr-sheetal-jethy-02947015,li-dr-sheetal-jethy-0294701
francine.clay.edwards.b56718120@linkedin.contact,Francine Clay Edwards,Francine,in/francine-clay-edwards-b56718120,LinkedIn,Pillar IV: Holistic Family Lifestyle,Preschool Leadership & Administration,Tier 1 (Macro / Institutional),North America,United States,,67,"Founder of First + Final • Preschool Business Advisor Helping clients buy, start, or sell their preschool · Experience: First + Final · Education: Nova Southeastern University · Location ...",Screen vs. Sensory; Institution vs. Sanctuary; Consumption vs. Quest,https://www.linkedin.com/in/francine-clay-edwards-b56718120,li-francine-clay-edwards-b5
jenn.starr.550bb015@linkedin.contact,Jenn Starr,Jenn,in/jenn-starr-550bb015,LinkedIn,Pillar IV: Holistic Family Lifestyle,Preschool Leadership & Administration,Tier 1 (Macro / Institutional),North America,United States,,67,Nature Preschool Director at Early Childhood Institution.,Screen vs. Sensory; Institution vs. Sanctuary; Consumption vs. Quest,https://www.linkedin.com/in/jenn-starr-550bb015,li-jenn-starr-550bb015
sarah.watrud.3aa86691@linkedin.contact,Sarah Watrud,Sarah,in/sarah-watrud-3aa86691,LinkedIn,Pillar IV: Holistic Family Lifestyle,Preschool Leadership & Administration,Tier 1 (Macro / Institutional),North America,United States,,70,Director of Early Childhood Education at Early Childhood Institution.,Screen vs. Sensory; Institution vs. Sanctuary; Consumption vs. Quest,https://www.linkedin.com/in/sarah-watrud-3aa86691,li-sarah-watrud-3aa86691
ann.halley.b7b22b199@linkedin.contact,Ann Halley,Ann,in/ann-halley-b7b22b199,LinkedIn,Pillar IV: Holistic Family Lifestyle,Preschool Leadership & Administration,Tier 1 (Macro / Institutional),North America,United States,,67,Director of Early Childhood Programs and Nature at Early Childhood Institution.,Screen vs. Sensory; Institution vs. Sanctuary; Consumption vs. Quest,https://www.linkedin.com/in/ann-halley-b7b22b199,li-ann-halley-b7b22b199
sarah.besse.b7318824@linkedin.contact,Sarah Besse,Sarah,in/sarah-besse-b7318824,LinkedIn,Pillar IV: Holistic Family Lifestyle,Preschool Leadership & Administration,Tier 1 (Macro / Institutional),North America,United States,,67,Founder of Every Child Outdoors (ECO) at Early Childhood Institution.,Screen vs. Sensory; Institution vs. Sanctuary; Consumption vs. Quest,https://www.linkedin.com/in/sarah-besse-b7318824,li-sarah-besse-b7318824
amy.warzybok.81004859@linkedin.contact,Amy Warzybok,Amy,in/amy-warzybok-81004859,LinkedIn,Pillar IV: Holistic Family Lifestyle,Preschool Leadership & Administration,Tier 1 (Macro / Institutional),North America,United States,,67,Nature Preschool Director at Dodge.,Screen vs. Sensory; Institution vs. Sanctuary; Consumption vs. Quest,https://www.linkedin.com/in/amy-warzybok-81004859,li-amy-warzybok-81004859
xonessie@linkedin.contact,Vanessa S.,Vanessa,in/xonessie,LinkedIn,Pillar IV: Holistic Family Lifestyle,Preschool Leadership & Administration,Tier 1 (Macro / Institutional),North America,United States,,70,Preschool Director at Early Childhood Institution.,Screen vs. Sensory; Institution vs. Sanctuary; Consumption vs. Quest,https://www.linkedin.com/in/xonessie,li-xonessie
